[
    {
        "BUSINESS INFO": {
            "Business Name": "TagLine Media Group",
            "Website Formatted": "http://taglinegroup.com/",
            "Website": "http://taglinegroup.com/",
            "Phone": "5202078910",
            "Default Email": "mc@taglinegroup.com",
            "Email List": [
                "mc@taglinegroup.com"
            ],
            "street_address": "1655 N Swan Rd,",
            "city": "Tucson",
            "zip": "85712",
            "state": "AZ",
            "country": "United States",
            "Headquarters": false,
            "BuzzScore": 74
        },
        "CATEGORY": {
            "primary_category_name": "Advertising",
            "secondary_category_name": "Advertising Agencies"
        },
        "FIRMOGRAPHICS": {
            "locations_count": 1,
            "annual_revenue": "$1M - $ 2.5M",
            "monthly_technology_spend": "700",
            "revenue_seasonality": "Fall, Winter",
            "remote_only_business": false
        },
        "E-Commerce": {
            "reviews": true,
            "featured_products": false,
            "promotions": false,
            "coupons": false,
            "wish_list": false,
            "order_tracking": false,
            "get_a_quote": false,
            "scheduler": true,
            "mortgage_calculator": false,
            "finance": false,
            "inventory_search_form": false,
            "estimates_page": false,
            "menu": true,
            "facebook_shop_presence": false,
            "amazon_page_presence": false,
            "monthly_technology_spend_tb": "$0K - $1K",
            "reservation_and_booking": false,
            "online_ordering": false,
            "buying_page": false,
            "selling_page": false,
            "rentals_page": false
        },
        "Multi-Screen Compatibility": {
            "Mobile-Friendly": true,
            "Responsive Design": true,
            "Page Speed Score (Mobile)": 56
        },
        "Advertising": {
            "Google Ads": true,
            "Display Ads": false,
            "Facebook Ads": false,
            "Yelp Ads": false,
            "Instagram Ads": "2"
        },
        "Social Media Presence": {
            "facebook_business_page- presence": true,
            "facebook_business_page- fb_followers": "2,400",
            "facebook_business_page- page_url": "https://facebook.com/pg/43972430865",
            "twitter_business_profile- presence": true,
            "twitter_business_profile- twitter_followers": "0",
            "twitter_business_profile- tweet_count": "0",
            "twitter_business_profile- page_url": "https://twitter.com/TaglineMediaAZ",
            "youtube_business_channel- presence": true,
            "youtube_business_channel- yt_videos_counts": "117",
            "youtube_business_channel- yt_subscribers_counts": "70",
            "youtube_business_channel- yt_views_counts": "218.6K",
            "youtube_business_channel- page_url": "https://www.youtube.com/@TaglineMedia",
            "linkedin_company_profile- presence": true,
            "linkedin_company_profile- page_url": "https://www.linkedin.com/company/tagline-media",
            "pinterest- presence": true,
            "pinterest- pinterest_followers": false,
            "pinterest- pinterest_following": false,
            "pinterest- pinterest_pins": false,
            "pinterest- pinterest_boards": false,
            "pinterest- page_url": "https://www.pinterest.com/foreignerds",
            "instagram- presence": true,
            "instagram- insta_posts": "145",
            "instagram- insta_followers": "41",
            "instagram- insta_following": "29",
            "instagram- page_url": "https://www.instagram.com/taglinemediaaz",
            "fb_fans- Facebook Likes": "2,379",
            "fbcheckins- Facebook Check ins": "64",
            "tweet_friends_count- Twitter Following": "9",
            "tweet_likes- Twitter Likes": true,
            "tweet_description- Twitter Description": false,
            "pinterest_profile_image_url- Pinterest Profile Image (Link)": false,
            "pinterest_domain_verified- Pinterest Domain Verified": false,
            "pinterest_is_verified_merchant- Pinterest Verified Merchant": false
        },
        "Local Business Presence": {
            "google_places-Listed": true,
            "google_places-Claimed": true,
            "google_places-NAP": false,
            "google_places-local_directory_googleplaces_reviews": "21",
            "google_places-local_directory_googleplaces_ratings": "5",
            "yelp-Listed": true,
            "yelp-Claimed": true,
            "yelp-NAP": true,
            "yelp-local_directory_yelp_reviews": false,
            "yelp-local_directory_yelp_ratings": false,
            "yellow_pages-Listed": true,
            "yellow_pages-Claimed": true,
            "yellow_pages-NAP": true,
            "nokia_places-Listed": true,
            "nokia_places-Claimed": false,
            "nokia_places-NAP": false,
            "nextdoor-Listed": true,
            "nextdoor-Claimed": true,
            "nextdoor-NAP": true,
            "nextdoor-businesss_name": "TagLine Media Group",
            "nextdoor-neighborhood_favorite": false,
            "google_places_claimed-Claimed": true,
            "yelp_claimed-Claimed": true,
            "yellow_pages_climed-Claimed": true,
            "nokia_places_climed-Claimed": false
        },
        "Marketplace": {
            "Thumbtack": false,
            "Uber Eats": false,
            "OpenTable": false,
            "iOS App": false,
            "Android App": false
        },
        "Content Analysis": {
            "Local Phone Number": false,
            "Address on Homepage": false,
            "Map & Directions": false,
            "Contact Us": false,
            "Privacy Policy": false,
            "About Page": false,
            "Services Page": false,
            "Newsletter": false
        },
        "Infrastructure Robustness": {
            "PageSpeed Score (Desktop)": "76",
            "Caching Enabled": 2,
            "Image Size Optimization": false,
            "Text Compression": false,
            "Server Response Time": "0.023 s",
            "No Page Redirects": true,
            "Prioritize Visible Content": 2,
            "Wordpress": true,
            "Google Analytics": true,
            "SSL": true
        },
        "Google Reviews": {
            "Negative": false,
            "Neutral": false,
            "Positive": "100%"
        },
        "HR & Organization": {
            "Employee Count": "1 - 10",
            "Employee Reviews": false,
            "Employee Ratings": false,
            "Open Positions": false
        },
        "SEO Analysis": {
            "Domain Redirection": true,
            "Robots.txt": true,
            "Sitemap.xml": true,
            "Title Tag Compliance": true,
            "Location In Title": true,
            "Unique Title": false,
            "Meta Description Compliance": true,
            "Headings Included": true,
            "Image Alt Text": false,
            "Frames Excluded": false,
            "Flash Excluded": true,
            "Backlinks": true,
            "Domain Authority": false,
            "Domain Age": "16 Y",
            "Rich Snippets": false,
            "SEF URL": true,
            "Sitemap.html": false,
            "Trust Flow Score": "11"
        }
    },
    {
        "BUSINESS INFO": {
            "Business Name": "Insight Marketing Design",
            "Website Formatted": "http://insightmarketingdesign.com",
            "Website": "http://insightmarketingdesign.com",
            "Phone": "6052750011",
            "Default Email": "info@insightmarketingdesign.com",
            "Email List": [
                "info@insightmarketingdesign.com"
            ],
            "street_address": "401 E 8th Street Suite 304",
            "city": "Sioux Falls",
            "zip": "57103",
            "state": "SD",
            "country": "United States",
            "Headquarters": true,
            "BuzzScore": 77
        },
        "CATEGORY": {
            "primary_category_name": "Advertising",
            "secondary_category_name": "Advertising Agencies"
        },
        "FIRMOGRAPHICS": {
            "locations_count": 1,
            "annual_revenue": "$2.5M - $5M",
            "monthly_technology_spend": "3608",
            "business_age": "> 10 Y",
            "revenue_seasonality": "Fall, Winter",
            "remote_only_business": false
        },
        "E-Commerce": {
            "reviews": true,
            "featured_products": false,
            "promotions": false,
            "coupons": false,
            "wish_list": false,
            "order_tracking": false,
            "get_a_quote": false,
            "scheduler": false,
            "mortgage_calculator": false,
            "finance": false,
            "inventory_search_form": false,
            "estimates_page": false,
            "menu": false,
            "facebook_shop_presence": false,
            "amazon_page_presence": false,
            "monthly_technology_spend_tb": "$1K - $5K",
            "reservation_and_booking": false,
            "online_ordering": false,
            "buying_page": false,
            "selling_page": false,
            "rentals_page": false
        },
        "Multi-Screen Compatibility": {
            "Mobile-Friendly": true,
            "Responsive Design": true,
            "Page Speed Score (Mobile)": 31
        },
        "Advertising": {
            "Google Ads": true,
            "Display Ads": true,
            "Facebook Ads": false,
            "Yelp Ads": false
        },
        "Social Media Presence": {
            "facebook_business_page- presence": true,
            "facebook_business_page- fb_followers": "2,300",
            "facebook_business_page- page_url": "https://facebook.com/pg/11884779233",
            "youtube_business_channel- presence": true,
            "youtube_business_channel- yt_videos_counts": "125",
            "youtube_business_channel- yt_subscribers_counts": "143",
            "youtube_business_channel- yt_views_counts": "480.7K",
            "youtube_business_channel- page_url": "https://www.youtube.com/channel/UC__L8TL-Rd6U7UjB4L_O9bw",
            "linkedin_company_profile- presence": true,
            "linkedin_company_profile- page_url": "https://www.linkedin.com/company/insightmarketingdesign/mycompany",
            "pinterest- presence": true,
            "pinterest- pinterest_followers": false,
            "pinterest- pinterest_following": false,
            "pinterest- pinterest_pins": false,
            "pinterest- pinterest_boards": false,
            "pinterest- page_url": "https://www.pinterest.com/insightmktgdes",
            "instagram- presence": true,
            "instagram- insta_posts": "479",
            "instagram- insta_followers": "347",
            "instagram- insta_following": "203",
            "instagram- page_url": "https://www.instagram.com/insightspeaks/",
            "fb_fans- Facebook Likes": "2,402",
            "fbcheckins- Facebook Check ins": "398",
            "pinterest_profile_image_url- Pinterest Profile Image (Link)": false,
            "pinterest_domain_verified- Pinterest Domain Verified": false,
            "pinterest_is_verified_merchant- Pinterest Verified Merchant": false
        },
        "Local Business Presence": {
            "google_places-Listed": true,
            "google_places-Claimed": true,
            "google_places-NAP": false,
            "google_places-local_directory_googleplaces_reviews": "3",
            "google_places-local_directory_googleplaces_ratings": "5",
            "yelp-Listed": true,
            "yelp-Claimed": true,
            "yelp-NAP": false,
            "yelp-local_directory_yelp_reviews": false,
            "yelp-local_directory_yelp_ratings": false,
            "yellow_pages-Listed": true,
            "yellow_pages-Claimed": true,
            "yellow_pages-NAP": false,
            "nokia_places-Listed": true,
            "nokia_places-Claimed": false,
            "nokia_places-NAP": false,
            "nextdoor-Listed": false,
            "nextdoor-Claimed": false,
            "google_places_claimed-Claimed": true,
            "yelp_claimed-Claimed": true,
            "yellow_pages_climed-Claimed": true,
            "nokia_places_climed-Claimed": false
        },
        "Marketplace": {
            "Thumbtack": false,
            "Uber Eats": false,
            "OpenTable": false,
            "iOS App": false,
            "Android App": false
        },
        "Content Analysis": {
            "Local Phone Number": false,
            "Address on Homepage": false,
            "Map & Directions": false,
            "Contact Us": false,
            "Privacy Policy": false,
            "About Page": false,
            "Services Page": false,
            "Newsletter": false
        },
        "Infrastructure Robustness": {
            "PageSpeed Score (Desktop)": "50",
            "Caching Enabled": 2,
            "Image Size Optimization": false,
            "Text Compression": false,
            "Server Response Time": "0.404 s",
            "No Page Redirects": true,
            "Prioritize Visible Content": 2,
            "Wordpress": true,
            "Google Analytics": true,
            "SSL": true
        },
        "Google Reviews": {
            "Negative": false,
            "Neutral": false,
            "Positive": "100%"
        },
        "HR & Organization": {
            "Employee Count": "11 - 50",
            "Employee Reviews": false,
            "Employee Ratings": false,
            "Open Positions": false
        },
        "SEO Analysis": {
            "Domain Redirection": true,
            "Robots.txt": true,
            "Sitemap.xml": true,
            "Title Tag Compliance": true,
            "Location In Title": false,
            "Unique Title": true,
            "Meta Description Compliance": true,
            "Headings Included": true,
            "Image Alt Text": true,
            "Frames Excluded": true,
            "Flash Excluded": true,
            "Backlinks": true,
            "Domain Authority": false,
            "Domain Age": "21 Y, 4 M",
            "Rich Snippets": false,
            "SEF URL": true,
            "Sitemap.html": false,
            "Trust Flow Score": "42"
        }
    },
    {
        "BUSINESS INFO": {
            "Business Name": "Agency Creative",
            "Website Formatted": "http://agencycreative.com",
            "Website": "http://agencycreative.com",
            "Phone": "9724881660",
            "Default Email": "info@agencycreative.com",
            "Email List": [
                "info@agencycreative.com"
            ],
            "street_address": "14875 Landmark Blvd Suite 230",
            "city": "Dallas",
            "zip": "75254",
            "state": "TX",
            "country": "United States",
            "Headquarters": false,
            "BuzzScore": 77
        },
        "CATEGORY": {
            "primary_category_name": "Advertising",
            "secondary_category_name": "Advertising Agencies"
        },
        "FIRMOGRAPHICS": {
            "locations_count": 2,
            "annual_revenue": "$5M - $10M",
            "monthly_technology_spend": "14935",
            "business_age": "> 10 Y",
            "revenue_seasonality": "Fall, Winter",
            "remote_only_business": false
        },
        "E-Commerce": {
            "reviews": true,
            "featured_products": false,
            "promotions": false,
            "coupons": false,
            "wish_list": false,
            "order_tracking": false,
            "get_a_quote": false,
            "scheduler": false,
            "mortgage_calculator": false,
            "finance": false,
            "inventory_search_form": false,
            "estimates_page": false,
            "menu": false,
            "facebook_shop_presence": false,
            "amazon_page_presence": false,
            "monthly_technology_spend_tb": "$5K - $20K",
            "reservation_and_booking": false,
            "online_ordering": false,
            "buying_page": true,
            "selling_page": false,
            "rentals_page": false
        },
        "Multi-Screen Compatibility": {
            "Mobile-Friendly": true,
            "Responsive Design": true,
            "Page Speed Score (Mobile)": 47
        },
        "Advertising": {
            "Google Ads": true,
            "Display Ads": true,
            "Facebook Ads": false,
            "Yelp Ads": false
        },
        "Social Media Presence": {
            "facebook_business_page- presence": true,
            "facebook_business_page- fb_followers": "1,900",
            "facebook_business_page- page_url": "https://facebook.com/pg/60851420142",
            "twitter_business_profile- presence": true,
            "twitter_business_profile- twitter_followers": "0",
            "twitter_business_profile- tweet_count": "0",
            "twitter_business_profile- page_url": "https://twitter.com/AgencyCreative",
            "youtube_business_channel- presence": true,
            "youtube_business_channel- yt_videos_counts": "70",
            "youtube_business_channel- yt_subscribers_counts": "9",
            "youtube_business_channel- yt_views_counts": "3.2K",
            "youtube_business_channel- page_url": "https://www.youtube.com/channel/UCk-LGMpWVrnw9lRy7Wx2P8Q/videos",
            "linkedin_company_profile- presence": true,
            "linkedin_company_profile- page_url": "https://www.linkedin.com/company/agency-creative",
            "pinterest- presence": true,
            "pinterest- pinterest_followers": false,
            "pinterest- pinterest_following": false,
            "pinterest- pinterest_pins": false,
            "pinterest- pinterest_boards": false,
            "pinterest- page_url": "https://www.pinterest.com/foreignerds",
            "instagram- presence": true,
            "instagram- insta_posts": false,
            "instagram- insta_followers": false,
            "instagram- insta_following": false,
            "instagram- page_url": "https://www.instagram.com/agencycreativeinc",
            "fb_fans- Facebook Likes": true,
            "fbcheckins- Facebook Check ins": "64",
            "tweet_friends_count- Twitter Following": "2,002",
            "tweet_likes- Twitter Likes": "590",
            "tweet_description- Twitter Description": false,
            "pinterest_profile_image_url- Pinterest Profile Image (Link)": false,
            "pinterest_domain_verified- Pinterest Domain Verified": false,
            "pinterest_is_verified_merchant- Pinterest Verified Merchant": false
        },
        "Local Business Presence": {
            "google_places-Listed": true,
            "google_places-Claimed": true,
            "google_places-NAP": false,
            "google_places-local_directory_googleplaces_reviews": "70",
            "google_places-local_directory_googleplaces_ratings": "5",
            "yelp-Listed": true,
            "yelp-Claimed": true,
            "yelp-NAP": false,
            "yelp-local_directory_yelp_reviews": false,
            "yelp-local_directory_yelp_ratings": "5",
            "yellow_pages-Listed": false,
            "yellow_pages-Claimed": false,
            "nokia_places-Listed": true,
            "nokia_places-Claimed": false,
            "nokia_places-NAP": false,
            "nextdoor-Listed": false,
            "nextdoor-Claimed": false,
            "google_places_claimed-Claimed": true,
            "yelp_claimed-Claimed": true,
            "yellow_pages_climed-Claimed": false,
            "nokia_places_climed-Claimed": false
        },
        "Marketplace": {
            "Thumbtack": false,
            "Uber Eats": false,
            "OpenTable": false,
            "iOS App": false,
            "Android App": false
        },
        "Content Analysis": {
            "Local Phone Number": false,
            "Address on Homepage": false,
            "Map & Directions": false,
            "Contact Us": false,
            "Privacy Policy": false,
            "About Page": false,
            "Business Hours": false,
            "Newsletter": false
        },
        "Infrastructure Robustness": {
            "PageSpeed Score (Desktop)": "81",
            "Caching Enabled": 2,
            "Image Size Optimization": false,
            "Text Compression": false,
            "Server Response Time": "0.09 s",
            "No Page Redirects": true,
            "Prioritize Visible Content": 2,
            "Wordpress": true,
            "Google Analytics": true,
            "SSL": true
        },
        "Google Reviews": {
            "Negative": false,
            "Neutral": false,
            "Positive": "100%"
        },
        "HR & Organization": {
            "Employee Count": "11 - 50",
            "Employee Reviews": false,
            "Employee Ratings": false,
            "Open Positions": false
        },
        "SEO Analysis": {
            "Domain Redirection": true,
            "Robots.txt": true,
            "Sitemap.xml": true,
            "Title Tag Compliance": true,
            "Location In Title": true,
            "Unique Title": true,
            "Meta Description Compliance": true,
            "Headings Included": true,
            "Image Alt Text": false,
            "Frames Excluded": false,
            "Flash Excluded": true,
            "Backlinks": true,
            "Domain Authority": false,
            "Domain Age": "23 Y, 4 M",
            "Rich Snippets": false,
            "SEF URL": true,
            "Sitemap.html": true,
            "Trust Flow Score": "20"
        }
    },
    {
        "BUSINESS INFO": {
            "Business Name": "Madisonmain",
            "Website Formatted": "http://madisonmain.com",
            "Website": "http://madisonmain.com",
            "Phone": "8776236246",
            "Default Email": "jobs@madisonmain.com",
            "Email List": [
                "jobs@madisonmain.com"
            ],
            "street_address": "101 E Cary St",
            "city": "Richmond",
            "zip": "23219",
            "state": "VA",
            "country": "United States",
            "Headquarters": false,
            "BuzzScore": 72
        },
        "CATEGORY": {
            "primary_category_name": "Advertising",
            "secondary_category_name": "Advertising Agencies"
        },
        "FIRMOGRAPHICS": {
            "locations_count": 1,
            "annual_revenue": "$2.5M - $5M",
            "monthly_technology_spend": "14000",
            "business_age": "> 10 Y",
            "revenue_seasonality": "Fall, Winter",
            "remote_only_business": false
        },
        "E-Commerce": {
            "reviews": true,
            "featured_products": true,
            "promotions": false,
            "coupons": false,
            "wish_list": false,
            "order_tracking": false,
            "get_a_quote": false,
            "scheduler": true,
            "mortgage_calculator": false,
            "finance": false,
            "inventory_search_form": false,
            "estimates_page": false,
            "menu": false,
            "facebook_shop_presence": false,
            "amazon_page_presence": false,
            "monthly_technology_spend_tb": "$5K - $20K",
            "reservation_and_booking": false,
            "online_ordering": false,
            "buying_page": false,
            "selling_page": false,
            "rentals_page": false
        },
        "Multi-Screen Compatibility": {
            "Mobile-Friendly": true,
            "Responsive Design": true,
            "Page Speed Score (Mobile)": 38
        },
        "Advertising": {
            "Google Ads": true,
            "Display Ads": false,
            "Facebook Ads": 5,
            "Yelp Ads": false
        },
        "Social Media Presence": {
            "facebook_business_page- presence": true,
            "facebook_business_page- fb_followers": "4,900",
            "facebook_business_page- page_url": "https://facebook.com/pg/8554312115",
            "youtube_business_channel- presence": true,
            "youtube_business_channel- yt_videos_counts": "299",
            "youtube_business_channel- yt_subscribers_counts": "301",
            "youtube_business_channel- yt_views_counts": "1.2M",
            "youtube_business_channel- page_url": "https://www.youtube.com/madisonandmain",
            "linkedin_company_profile- presence": true,
            "linkedin_company_profile- page_url": "https://www.linkedin.com/company/madisonmain",
            "pinterest- presence": true,
            "pinterest- pinterest_followers": false,
            "pinterest- pinterest_following": false,
            "pinterest- pinterest_pins": false,
            "pinterest- pinterest_boards": false,
            "pinterest- page_url": "https://www.pinterest.com/madisonmain",
            "instagram- presence": true,
            "instagram- insta_posts": "887",
            "instagram- insta_followers": true,
            "instagram- insta_following": "583",
            "instagram- page_url": "https://www.instagram.com/madisonmain/?hl=en",
            "fb_fans- Facebook Likes": "5,006",
            "fbcheckins- Facebook Check ins": "232",
            "pinterest_profile_image_url- Pinterest Profile Image (Link)": false,
            "pinterest_domain_verified- Pinterest Domain Verified": false,
            "pinterest_is_verified_merchant- Pinterest Verified Merchant": false
        },
        "Local Business Presence": {
            "google_places-Listed": true,
            "google_places-Claimed": true,
            "google_places-NAP": false,
            "google_places-local_directory_googleplaces_reviews": "13",
            "google_places-local_directory_googleplaces_ratings": "5",
            "yelp-Listed": true,
            "yelp-Claimed": true,
            "yelp-NAP": false,
            "yelp-local_directory_yelp_reviews": false,
            "yelp-local_directory_yelp_ratings": "5",
            "yellow_pages-Listed": false,
            "yellow_pages-Claimed": false,
            "nokia_places-Listed": true,
            "nokia_places-Claimed": false,
            "nokia_places-NAP": false,
            "nextdoor-Listed": true,
            "nextdoor-Claimed": true,
            "nextdoor-NAP": false,
            "nextdoor-businesss_name": "Madison Main",
            "nextdoor-neighborhood_favorite": false,
            "nextdoor-description": false,
            "google_places_claimed-Claimed": true,
            "yelp_claimed-Claimed": true,
            "yellow_pages_climed-Claimed": false,
            "nokia_places_climed-Claimed": false
        },
        "Marketplace": {
            "Thumbtack": false,
            "Uber Eats": false,
            "OpenTable": false,
            "iOS App": false,
            "Android App": false
        },
        "Content Analysis": {
            "Local Phone Number": false,
            "Address on Homepage": false,
            "Map & Directions": false,
            "Contact Us": false,
            "Privacy Policy": false,
            "About Page": false,
            "Services Page": false,
            "Business Hours": false,
            "Newsletter": false
        },
        "Infrastructure Robustness": {
            "PageSpeed Score (Desktop)": "54",
            "Caching Enabled": 2,
            "Image Size Optimization": 2,
            "Text Compression": false,
            "Server Response Time": "0.119 s",
            "No Page Redirects": true,
            "Prioritize Visible Content": 2,
            "Wordpress": true,
            "Google Analytics": true,
            "SSL": true
        },
        "Google Reviews": {
            "Negative": false,
            "Neutral": false,
            "Positive": "100%"
        },
        "HR & Organization": {
            "Employee Count": "11 - 50",
            "Employee Reviews": false,
            "Employee Ratings": false,
            "Open Positions": false
        },
        "SEO Analysis": {
            "Domain Redirection": true,
            "Robots.txt": true,
            "Sitemap.xml": true,
            "Title Tag Compliance": true,
            "Location In Title": true,
            "Unique Title": true,
            "Meta Description Compliance": true,
            "Headings Included": true,
            "Image Alt Text": false,
            "Frames Excluded": true,
            "Flash Excluded": true,
            "Backlinks": "697",
            "Domain Authority": false,
            "Domain Age": "16 Y, 10 M",
            "Rich Snippets": false,
            "SEF URL": false,
            "Sitemap.html": false,
            "Trust Flow Score": "9"
        }
    },
    {
        "BUSINESS INFO": {
            "Business Name": "Geonetric",
            "Website Formatted": "http://geonetric.com",
            "Website": "http://geonetric.com",
            "Phone": "8005891171",
            "Default Email": "hello@geonetric.com",
            "Email List": [
                "hello@geonetric.com"
            ],
            "street_address": "4211 Glass Rd NE Ste A",
            "city": "Cedar Rapids",
            "zip": "52402",
            "state": "IA",
            "country": "United States",
            "Headquarters": false,
            "BuzzScore": 75
        },
        "CATEGORY": {
            "primary_category_name": "Advertising",
            "secondary_category_name": "Advertising Agencies"
        },
        "FIRMOGRAPHICS": {
            "locations_count": 3,
            "annual_revenue": "$10M - $25M",
            "monthly_technology_spend": "345",
            "revenue_seasonality": "Fall, Winter",
            "remote_only_business": false
        },
        "E-Commerce": {
            "reviews": true,
            "featured_products": false,
            "promotions": false,
            "coupons": false,
            "wish_list": false,
            "order_tracking": false,
            "get_a_quote": false,
            "scheduler": true,
            "mortgage_calculator": false,
            "finance": false,
            "inventory_search_form": false,
            "estimates_page": false,
            "menu": false,
            "facebook_shop_presence": false,
            "amazon_page_presence": false,
            "reservation_and_booking": false,
            "online_ordering": false,
            "buying_page": false,
            "selling_page": false,
            "rentals_page": false
        },
        "Multi-Screen Compatibility": {
            "Mobile-Friendly": true,
            "Responsive Design": true,
            "Page Speed Score (Mobile)": 21
        },
        "Advertising": {
            "Google Ads": true,
            "Display Ads": true,
            "Facebook Ads": false,
            "Yelp Ads": false
        },
        "Social Media Presence": {
            "facebook_business_page- presence": true,
            "facebook_business_page- fb_followers": "1,000",
            "facebook_business_page- page_url": "https://facebook.com/pg/139232455930",
            "twitter_business_profile- presence": true,
            "twitter_business_profile- twitter_followers": "0",
            "twitter_business_profile- tweet_count": "0",
            "twitter_business_profile- page_url": "https://twitter.com/Geonetric",
            "youtube_business_channel- presence": true,
            "youtube_business_channel- yt_videos_counts": "76",
            "youtube_business_channel- yt_subscribers_counts": "81",
            "youtube_business_channel- yt_views_counts": "1.8K",
            "youtube_business_channel- page_url": "https://www.youtube.com/channel/UC8Aumu4GuaayA1g9vaNTukg",
            "linkedin_company_profile- presence": true,
            "linkedin_company_profile- page_url": "https://www.linkedin.com/company/geonetric",
            "pinterest- presence": true,
            "pinterest- pinterest_followers": false,
            "pinterest- pinterest_following": false,
            "pinterest- pinterest_pins": false,
            "pinterest- pinterest_boards": false,
            "pinterest- page_url": "https://www.pinterest.com/geonetric",
            "instagram- presence": true,
            "instagram- insta_posts": "112",
            "instagram- insta_followers": "177",
            "instagram- insta_following": "124",
            "instagram- page_url": "https://www.instagram.com/geonetric_/",
            "fb_fans- Facebook Likes": true,
            "fbcheckins- Facebook Check ins": "90",
            "tweet_friends_count- Twitter Following": "2,559",
            "tweet_likes- Twitter Likes": true,
            "tweet_description- Twitter Description": false,
            "pinterest_profile_image_url- Pinterest Profile Image (Link)": false,
            "pinterest_domain_verified- Pinterest Domain Verified": false,
            "pinterest_is_verified_merchant- Pinterest Verified Merchant": false
        },
        "Local Business Presence": {
            "google_places-Listed": true,
            "google_places-Claimed": true,
            "google_places-NAP": false,
            "google_places-local_directory_googleplaces_reviews": "25",
            "google_places-local_directory_googleplaces_ratings": "4.4",
            "yelp-Listed": true,
            "yelp-Claimed": false,
            "yelp-NAP": false,
            "yelp-local_directory_yelp_reviews": false,
            "yelp-local_directory_yelp_ratings": false,
            "yellow_pages-Listed": true,
            "yellow_pages-Claimed": false,
            "yellow_pages-NAP": false,
            "nokia_places-Listed": true,
            "nokia_places-Claimed": false,
            "nokia_places-NAP": false,
            "nextdoor-Listed": false,
            "nextdoor-Claimed": false,
            "google_places_claimed-Claimed": true,
            "yelp_claimed-Claimed": false,
            "yellow_pages_climed-Claimed": false,
            "nokia_places_climed-Claimed": false
        },
        "Marketplace": {
            "Thumbtack": false,
            "Uber Eats": false,
            "OpenTable": false,
            "iOS App": false,
            "Android App": false
        },
        "Content Analysis": {
            "Local Phone Number": false,
            "Address on Homepage": false,
            "Map & Directions": false,
            "Contact Us": false,
            "Privacy Policy": false,
            "About Page": false,
            "Services Page": false,
            "Newsletter": false
        },
        "Infrastructure Robustness": {
            "PageSpeed Score (Desktop)": "58",
            "Caching Enabled": 2,
            "Image Size Optimization": 2,
            "Text Compression": false,
            "Server Response Time": "0.319 s",
            "No Page Redirects": true,
            "Prioritize Visible Content": 2,
            "Wordpress": true,
            "Google Analytics": true,
            "SSL": true
        },
        "Google Reviews": {
            "Negative": "33%",
            "Neutral": false,
            "Positive": "67%"
        },
        "HR & Organization": {
            "Employee Count": "51 - 100",
            "Employee Reviews": false,
            "Employee Ratings": false,
            "Open Positions": false
        },
        "SEO Analysis": {
            "Domain Redirection": true,
            "Robots.txt": true,
            "Sitemap.xml": true,
            "Title Tag Compliance": true,
            "Location In Title": false,
            "Unique Title": true,
            "Meta Description Compliance": true,
            "Headings Included": true,
            "Image Alt Text": true,
            "Frames Excluded": true,
            "Flash Excluded": true,
            "Backlinks": "20,108",
            "Domain Authority": false,
            "Domain Age": "26 Y",
            "Rich Snippets": false,
            "SEF URL": true,
            "Sitemap.html": false,
            "Trust Flow Score": "41"
        }
    },
    {
        "BUSINESS INFO": {
            "Business Name": "Schaefer Advertising Co",
            "Website Formatted": "http://schaeferadvertising.com",
            "Website": "http://schaeferadvertising.com",
            "Phone": "8172264332",
            "Default Email": "info@schaeferadvertising.com",
            "Email List": [
                "info@schaeferadvertising.com"
            ],
            "street_address": "1228 S Adams St",
            "city": "Fort Worth",
            "zip": "76104",
            "state": "TX",
            "country": "United States",
            "Headquarters": false,
            "BuzzScore": 77
        },
        "CATEGORY": {
            "primary_category_name": "Advertising",
            "secondary_category_name": "Advertising Agencies"
        },
        "FIRMOGRAPHICS": {
            "locations_count": 2,
            "annual_revenue": "$5M - $10M",
            "monthly_technology_spend": "916",
            "revenue_seasonality": "Fall, Winter",
            "remote_only_business": false
        },
        "E-Commerce": {
            "delivery_return_policy": false,
            "reviews": true,
            "featured_products": false,
            "promotions": false,
            "coupons": false,
            "wish_list": false,
            "order_tracking": false,
            "get_a_quote": false,
            "scheduler": false,
            "mortgage_calculator": false,
            "finance": false,
            "inventory_search_form": false,
            "estimates_page": false,
            "menu": false,
            "facebook_shop_presence": false,
            "amazon_page_presence": false,
            "monthly_technology_spend_tb": "$0K - $1K",
            "reservation_and_booking": false,
            "online_ordering": false,
            "buying_page": false,
            "selling_page": false,
            "rentals_page": false
        },
        "Multi-Screen Compatibility": {
            "Mobile-Friendly": true,
            "Responsive Design": true,
            "Page Speed Score (Mobile)": 16
        },
        "Advertising": {
            "Google Ads": true,
            "Display Ads": false,
            "Facebook Ads": false,
            "Yelp Ads": false
        },
        "Social Media Presence": {
            "facebook_business_page- presence": true,
            "facebook_business_page- fb_followers": "2,600",
            "facebook_business_page- page_url": "https://facebook.com/pg/212263335488153",
            "youtube_business_channel- presence": true,
            "youtube_business_channel- yt_videos_counts": "46",
            "youtube_business_channel- yt_subscribers_counts": "24",
            "youtube_business_channel- yt_views_counts": "8.3K",
            "youtube_business_channel- page_url": "https://www.youtube.com/channel/UCyowXyg3QLN3nPMo5N2SZ_g",
            "linkedin_company_profile- presence": true,
            "linkedin_company_profile- page_url": "https://www.linkedin.com/company/schaefer-advertising-co-",
            "pinterest- presence": true,
            "pinterest- pinterest_followers": false,
            "pinterest- pinterest_following": false,
            "pinterest- pinterest_pins": false,
            "pinterest- pinterest_boards": false,
            "pinterest- page_url": "https://www.pinterest.com/foreignerds",
            "instagram- presence": true,
            "instagram- insta_posts": "772",
            "instagram- insta_followers": "2,199",
            "instagram- insta_following": "510",
            "instagram- page_url": "https://instagram.com/schaeferadco",
            "fb_fans- Facebook Likes": "2,631",
            "fbcheckins- Facebook Check ins": "619",
            "pinterest_profile_image_url- Pinterest Profile Image (Link)": false,
            "pinterest_domain_verified- Pinterest Domain Verified": false,
            "pinterest_is_verified_merchant- Pinterest Verified Merchant": false
        },
        "Local Business Presence": {
            "google_places-Listed": true,
            "google_places-Claimed": true,
            "google_places-NAP": true,
            "google_places-local_directory_googleplaces_reviews": "26",
            "google_places-local_directory_googleplaces_ratings": "4.5",
            "yelp-Listed": true,
            "yelp-Claimed": true,
            "yelp-NAP": false,
            "yelp-local_directory_yelp_reviews": false,
            "yelp-local_directory_yelp_ratings": false,
            "yellow_pages-Listed": true,
            "yellow_pages-Claimed": false,
            "yellow_pages-NAP": false,
            "nokia_places-Listed": true,
            "nokia_places-Claimed": false,
            "nokia_places-NAP": false,
            "nextdoor-Listed": false,
            "nextdoor-Claimed": false,
            "google_places_claimed-Claimed": true,
            "yelp_claimed-Claimed": true,
            "yellow_pages_climed-Claimed": false,
            "nokia_places_climed-Claimed": false
        },
        "Marketplace": {
            "Thumbtack": false,
            "Uber Eats": false,
            "OpenTable": false,
            "iOS App": false,
            "Android App": false
        },
        "Content Analysis": {
            "Local Phone Number": false,
            "Address on Homepage": false,
            "Map & Directions": false,
            "Contact Us": false,
            "Privacy Policy": false,
            "About Page": false,
            "Business Hours": false,
            "Newsletter": false
        },
        "Infrastructure Robustness": {
            "PageSpeed Score (Desktop)": "47",
            "Caching Enabled": 2,
            "Image Size Optimization": false,
            "Text Compression": false,
            "Server Response Time": "0.075 s",
            "No Page Redirects": true,
            "Prioritize Visible Content": 2,
            "Wordpress": true,
            "Google Analytics": true,
            "SSL": true
        },
        "Google Reviews": {
            "Negative": false,
            "Neutral": false,
            "Positive": "100%"
        },
        "HR & Organization": {
            "Employee Count": "11 - 50",
            "Employee Reviews": false,
            "Employee Ratings": false,
            "Open Positions": false
        },
        "SEO Analysis": {
            "Domain Redirection": true,
            "Robots.txt": true,
            "Sitemap.xml": true,
            "Title Tag Compliance": true,
            "Location In Title": true,
            "Unique Title": true,
            "Meta Description Compliance": true,
            "Headings Included": true,
            "Image Alt Text": false,
            "Frames Excluded": true,
            "Flash Excluded": true,
            "Backlinks": "83,395",
            "Domain Authority": false,
            "Domain Age": "21 Y, 11 M",
            "Rich Snippets": false,
            "SEF URL": true,
            "Sitemap.html": true,
            "Trust Flow Score": "14"
        }
    },
    {
        "BUSINESS INFO": {
            "Business Name": "Zrix Inc",
            "Website Formatted": "http://cmswebsiteservices.com",
            "Website": "http://cmswebsiteservices.com",
            "Phone": "8007962735",
            "Default Email": "info@zrix.com",
            "Email List": [
                "info@zrix.com"
            ],
            "street_address": "17926 Tx-3 Suite 104 B",
            "city": "Webster",
            "zip": "77598",
            "state": "TX",
            "country": "United States",
            "Headquarters": false,
            "BuzzScore": 60
        },
        "CATEGORY": {
            "primary_category_name": "Contractors - Computer",
            "secondary_category_name": "Contractors - Computer"
        },
        "FIRMOGRAPHICS": {
            "locations_count":0,
            "annual_revenue": "$2.5M - $5M",
            "monthly_technology_spend": "0",
            "revenue_seasonality": "Fall, Winter",
            "remote_only_business": false
        },
        "E-Commerce": {
            "delivery_return_policy": false,
            "reviews": true,
            "featured_products": true,
            "promotions": false,
            "coupons": false,
            "wish_list": false,
            "order_tracking": false,
            "get_a_quote": true,
            "scheduler": false,
            "mortgage_calculator": false,
            "finance": true,
            "inventory_search_form": false,
            "estimates_page": true,
            "menu": false,
            "facebook_shop_presence": false,
            "amazon_page_presence": false,
            "reservation_and_booking": false,
            "online_ordering": false,
            "buying_page": false,
            "selling_page": false,
            "rentals_page": false
        },
        "Multi-Screen Compatibility": {
            "Mobile-Friendly": true,
            "Responsive Design": true,
            "Page Speed Score (Mobile)": 33
        },
        "Advertising": {
            "Google Ads": false,
            "Display Ads": true,
            "Facebook Ads": false,
            "Instagram Ads": "2"
        },
        "Social Media Presence": {
            "facebook_business_page- presence": true,
            "facebook_business_page- fb_followers": "717",
            "facebook_business_page- page_url": "https://facebook.com/pg/1860813947522437",
            "twitter_business_profile- presence": true,
            "twitter_business_profile- twitter_followers": "0",
            "twitter_business_profile- tweet_count": "0",
            "twitter_business_profile- page_url": "https://twitter.com/ZrixLLC",
            "youtube_business_channel- presence": true,
            "youtube_business_channel- yt_videos_counts": "5",
            "youtube_business_channel- yt_subscribers_counts": "12",
            "youtube_business_channel- yt_views_counts": 327,
            "youtube_business_channel- page_url": "https://www.youtube.com/@zrixinc/_created",
            "linkedin_company_profile- presence": true,
            "linkedin_company_profile- page_url": "https://www.linkedin.com/company/zrix",
            "pinterest- presence": false,
            "instagram- presence": false,
            "fb_fans- Facebook Likes": "701",
            "tweet_friends_count- Twitter Following": "821",
            "tweet_likes- Twitter Likes": true,
            "tweet_description- Twitter Description": false,
            "pinterest_domain_verified- Pinterest Domain Verified": false,
            "pinterest_is_verified_merchant- Pinterest Verified Merchant": false
        },
        "Local Business Presence": {
            "google_places-Listed": false,
            "google_places-Claimed": false,
            "google_places-local_directory_googleplaces_reviews": false,
            "google_places-local_directory_googleplaces_ratings": false,
            "yelp-Listed": false,
            "yelp-Claimed": false,
            "yelp-local_directory_yelp_reviews": false,
            "yelp-local_directory_yelp_ratings": false,
            "nokia_places-Listed": false,
            "nokia_places-Claimed": false,
            "nextdoor-Listed": false,
            "nextdoor-Claimed": false,
            "google_places_claimed-Claimed": false,
            "yelp_claimed-Claimed": false,
            "nokia_places_climed-Claimed": false
        },
        "Marketplace": {
            "Thumbtack": false,
            "Uber Eats": false,
            "OpenTable": false,
            "iOS App": false,
            "Android App": false
        },
        "Content Analysis": {
            "Local Phone Number": false,
            "Address on Homepage": false,
            "Map & Directions": false,
            "Contact Us": false,
            "Privacy Policy": false,
            "About Page": false,
            "Services Page": false,
            "Newsletter": false
        },
        "Infrastructure Robustness": {
            "PageSpeed Score (Desktop)": "65",
            "Caching Enabled": 2,
            "Image Size Optimization": false,
            "Text Compression": false,
            "Server Response Time": "0.348 s",
            "No Page Redirects": true,
            "Prioritize Visible Content": 2,
            "Wordpress": false,
            "Google Analytics": true,
            "SSL": true
        },
        "Google Reviews": {
            "Negative": false,
            "Neutral": false,
            "Positive": false
        },
        "HR & Organization": {
            "Employee Count": "11 - 50",
            "Employee Reviews": false,
            "Employee Ratings": false,
            "Open Positions": false
        },
        "SEO Analysis": {
            "Domain Redirection": true,
            "Robots.txt": true,
            "Sitemap.xml": true,
            "Title Tag Compliance": true,
            "Location In Title": false,
            "Unique Title": true,
            "Meta Description Compliance": true,
            "Headings Included": true,
            "Image Alt Text": true,
            "Frames Excluded": true,
            "Flash Excluded": true,
            "Backlinks": "35,825",
            "Domain Authority": false,
            "Domain Age": "17 Y, 8 M",
            "Rich Snippets": false,
            "SEF URL": false,
            "Sitemap.html": true,
            "Trust Flow Score": "38"
        }
    },
    {
        "BUSINESS INFO": {
            "Business Name": "Division D",
            "Website Formatted": "http://divisiond.com",
            "Website": "http://divisiond.com",
            "Phone": "5734453083",
            "Default Email": "careers@divisiond.com",
            "Email List": [
                "careers@divisiond.com"
            ],
            "street_address": "1100 Main Street, Suite 2205",
            "city": "Kansas City",
            "zip": "64105",
            "state": "MO",
            "country": "United States",
            "Headquarters": false,
            "BuzzScore": 71
        },
        "CATEGORY": {
            "primary_category_name": "Advertising",
            "secondary_category_name": "Advertising Agencies"
        },
        "FIRMOGRAPHICS": {
            "locations_count": 3,
            "annual_revenue": "$25M - $50M",
            "monthly_technology_spend": "206",
            "revenue_seasonality": "Fall, Winter",
            "remote_only_business": false
        },
        "E-Commerce": {
            "reviews": true,
            "featured_products": true,
            "promotions": false,
            "coupons": false,
            "wish_list": false,
            "order_tracking": false,
            "get_a_quote": false,
            "scheduler": false,
            "mortgage_calculator": false,
            "finance": false,
            "inventory_search_form": true,
            "estimates_page": false,
            "menu": false,
            "facebook_shop_presence": false,
            "amazon_page_presence": false,
            "reservation_and_booking": false,
            "online_ordering": false,
            "buying_page": false,
            "selling_page": false,
            "rentals_page": false
        },
        "Multi-Screen Compatibility": {
            "Mobile-Friendly": true,
            "Responsive Design": true,
            "Page Speed Score (Mobile)": 85
        },
        "Advertising": {
            "Google Ads": true,
            "Display Ads": true,
            "Facebook Ads": false
        },
        "Social Media Presence": {
            "facebook_business_page- presence": true,
            "facebook_business_page- fb_followers": "523",
            "facebook_business_page- page_url": "https://facebook.com/pg/546034392131348",
            "youtube_business_channel- presence": true,
            "youtube_business_channel- yt_videos_counts": "30",
            "youtube_business_channel- yt_subscribers_counts": "56",
            "youtube_business_channel- yt_views_counts": "18.5K",
            "youtube_business_channel- page_url": "https://www.youtube.com/@division-d",
            "linkedin_company_profile- presence": true,
            "linkedin_company_profile- page_url": "https://www.linkedin.com/company/division-d",
            "pinterest- presence": true,
            "pinterest- pinterest_followers": false,
            "pinterest- pinterest_following": false,
            "pinterest- pinterest_pins": false,
            "pinterest- pinterest_boards": false,
            "pinterest- page_url": "https://www.pinterest.com/divisiond0151",
            "instagram- presence": true,
            "instagram- insta_posts": "889",
            "instagram- insta_followers": "323",
            "instagram- insta_following": "186",
            "instagram- page_url": "https://www.instagram.com/division__d/?hl=en",
            "fb_fans- Facebook Likes": "509",
            "pinterest_profile_image_url- Pinterest Profile Image (Link)": false,
            "pinterest_domain_verified- Pinterest Domain Verified": false,
            "pinterest_is_verified_merchant- Pinterest Verified Merchant": false
        },
        "Local Business Presence": {
            "google_places-Listed": false,
            "google_places-Claimed": false,
            "google_places-local_directory_googleplaces_reviews": false,
            "google_places-local_directory_googleplaces_ratings": false,
            "yelp-Listed": false,
            "yelp-Claimed": false,
            "yelp-local_directory_yelp_reviews": false,
            "yelp-local_directory_yelp_ratings": false,
            "yellow_pages-Listed": true,
            "yellow_pages-Claimed": false,
            "yellow_pages-NAP": false,
            "nokia_places-Listed": false,
            "nokia_places-Claimed": false,
            "nextdoor-Listed": false,
            "nextdoor-Claimed": false,
            "google_places_claimed-Claimed": false,
            "yelp_claimed-Claimed": false,
            "yellow_pages_climed-Claimed": false,
            "nokia_places_climed-Claimed": false
        },
        "Marketplace": {
            "Thumbtack": false,
            "Uber Eats": false,
            "OpenTable": false,
            "iOS App": false,
            "Android App": false
        },
        "Content Analysis": {
            "Local Phone Number": false,
            "Address on Homepage": false,
            "Map & Directions": false,
            "Contact Us": false,
            "Privacy Policy": false,
            "About Page": false,
            "Services Page": false,
            "Insurances Accepted": false,
            "Business Hours": false,
            "Newsletter": false
        },
        "Infrastructure Robustness": {
            "PageSpeed Score (Desktop)": "95",
            "Caching Enabled": false,
            "Image Size Optimization": false,
            "Text Compression": false,
            "Server Response Time": "0.202 s",
            "No Page Redirects": true,
            "Prioritize Visible Content": false,
            "Wordpress": true,
            "Google Analytics": false,
            "SSL": true
        },
        "Google Reviews": {
            "Negative": false,
            "Neutral": false,
            "Positive": false
        },
        "HR & Organization": {
            "Employee Count": "51 - 100",
            "Employee Reviews": false,
            "Employee Ratings": false,
            "Open Positions": false
        },
        "SEO Analysis": {
            "Domain Redirection": true,
            "Robots.txt": true,
            "Sitemap.xml": true,
            "Title Tag Compliance": true,
            "Location In Title": false,
            "Unique Title": true,
            "Meta Description Compliance": true,
            "Headings Included": true,
            "Image Alt Text": true,
            "Frames Excluded": true,
            "Flash Excluded": true,
            "Backlinks": "434",
            "Domain Authority": false,
            "Domain Age": "11 Y, 3 M",
            "Rich Snippets": false,
            "SEF URL": true,
            "Sitemap.html": true,
            "Trust Flow Score": "16"
        }
    },
    {
        "BUSINESS INFO": {
            "Business Name": "Urolime Technologies",
            "Website Formatted": "http://urolime.com",
            "Website": "http://urolime.com",
            "Phone": "7139666038",
            "Default Email": "info@urolime.com",
            "Email List": [
                "info@urolime.com"
            ],
            "street_address": "539 W. Commerce St #761",
            "city": "Dallas",
            "zip": "75208",
            "state": "TX",
            "country": "United States",
            "Headquarters": true,
            "BuzzScore": 65
        },
        "CATEGORY": {
            "primary_category_name": "Contractors - Computer",
            "secondary_category_name": "Contractors - Computer"
        },
        "FIRMOGRAPHICS": {
            "locations_count": 1,
            "annual_revenue": "$10M - $25M",
            "monthly_technology_spend": "0",
            "revenue_seasonality": "Fall, Winter",
            "remote_only_business": false
        },
        "E-Commerce": {
            "delivery_return_policy": false,
            "reviews": true,
            "featured_products": true,
            "promotions": false,
            "coupons": false,
            "wish_list": false,
            "order_tracking": false,
            "get_a_quote": true,
            "scheduler": false,
            "mortgage_calculator": false,
            "finance": false,
            "inventory_search_form": false,
            "estimates_page": false,
            "menu": false,
            "facebook_shop_presence": false,
            "amazon_page_presence": false,
            "reservation_and_booking": false,
            "online_ordering": false,
            "buying_page": false,
            "selling_page": false,
            "rentals_page": false
        },
        "Multi-Screen Compatibility": {
            "Mobile-Friendly": true,
            "Responsive Design": true,
            "Page Speed Score (Mobile)": 24
        },
        "Advertising": {
            "Google Ads": false,
            "Display Ads": false,
            "Facebook Ads": false
        },
        "Social Media Presence": {
            "facebook_business_page- presence": true,
            "facebook_business_page- fb_followers": "21,000",
            "facebook_business_page- page_url": "https://facebook.com/pg/262489317125106",
            "youtube_business_channel- presence": true,
            "youtube_business_channel- yt_videos_counts": "8",
            "youtube_business_channel- yt_subscribers_counts": "33",
            "youtube_business_channel- yt_views_counts": "2.4K",
            "youtube_business_channel- page_url": "https://www.youtube.com/channel/UCZOhXmkmXktYVo0tAq47hOg",
            "linkedin_company_profile- presence": true,
            "linkedin_company_profile- page_url": "https://www.linkedin.com/company/urolime-technologies-private-limited",
            "pinterest- presence": true,
            "pinterest- pinterest_followers": false,
            "pinterest- pinterest_following": false,
            "pinterest- pinterest_pins": false,
            "pinterest- pinterest_boards": false,
            "pinterest- page_url": "https://www.pinterest.com/urolime",
            "instagram- presence": true,
            "instagram- insta_posts": "533",
            "instagram- insta_followers": "233",
            "instagram- insta_following": "4",
            "instagram- page_url": "https://www.instagram.com/urolime_tech/?hl=en",
            "fb_fans- Facebook Likes": "21,374",
            "fbcheckins- Facebook Check ins": "19",
            "pinterest_profile_image_url- Pinterest Profile Image (Link)": false,
            "pinterest_domain_verified- Pinterest Domain Verified": false,
            "pinterest_is_verified_merchant- Pinterest Verified Merchant": false
        },
        "Local Business Presence": {
            "google_places-Listed": true,
            "google_places-Claimed": true,
            "google_places-NAP": false,
            "google_places-local_directory_googleplaces_reviews": false,
            "google_places-local_directory_googleplaces_ratings": false,
            "yelp-Listed": false,
            "yelp-Claimed": false,
            "yelp-local_directory_yelp_reviews": false,
            "yelp-local_directory_yelp_ratings": false,
            "yellow_pages-Listed": false,
            "yellow_pages-Claimed": false,
            "nokia_places-Listed": true,
            "nokia_places-Claimed": false,
            "nokia_places-NAP": false,
            "nextdoor-Listed": false,
            "nextdoor-Claimed": false,
            "google_places_claimed-Claimed": true,
            "yelp_claimed-Claimed": false,
            "yellow_pages_climed-Claimed": false,
            "nokia_places_climed-Claimed": false
        },
        "Marketplace": {
            "Thumbtack": false,
            "Uber Eats": false,
            "OpenTable": false,
            "iOS App": false,
            "Android App": false
        },
        "Content Analysis": {
            "Local Phone Number": false,
            "Address on Homepage": false,
            "Map & Directions": false,
            "Contact Us": false,
            "Privacy Policy": false,
            "About Page": false,
            "Services Page": false,
            "Business Hours": false,
            "Newsletter": false
        },
        "Infrastructure Robustness": {
            "PageSpeed Score (Desktop)": "59",
            "Caching Enabled": 2,
            "Image Size Optimization": 2,
            "Text Compression": 2,
            "Server Response Time": "0.028 s",
            "No Page Redirects": true,
            "Prioritize Visible Content": 2,
            "Wordpress": false,
            "Google Analytics": true,
            "SSL": true
        },
        "Google Reviews": {
            "Negative": false,
            "Neutral": false,
            "Positive": false
        },
        "HR & Organization": {
            "Employee Count": "51 - 100",
            "Employee Reviews": false,
            "Employee Ratings": false,
            "Open Positions": false
        },
        "SEO Analysis": {
            "Domain Redirection": true,
            "Robots.txt": true,
            "Sitemap.xml": true,
            "Title Tag Compliance": true,
            "Location In Title": false,
            "Unique Title": true,
            "Meta Description Compliance": true,
            "Headings Included": true,
            "Image Alt Text": true,
            "Frames Excluded": true,
            "Flash Excluded": true,
            "Backlinks": "74,712",
            "Domain Authority": false,
            "Domain Age": "13 Y, 7 M",
            "Rich Snippets": false,
            "SEF URL": true,
            "Sitemap.html": false,
            "Trust Flow Score": "13"
        }
    },
    {
        "BUSINESS INFO": {
            "Business Name": "2020 eConsulting, LLC",
            "Website Formatted": "http://2020econsulting.com",
            "Website": "http://2020econsulting.com",
            "Phone": "8014581640",
            "Default Email": "email@2020econsulting.com",
            "Email List": [
                "email@2020econsulting.com"
            ],
            "street_address": "32 West 200 South, Suite 320",
            "city": "Salt Lake City",
            "zip": "84101",
            "state": "UT",
            "country": "United States",
            "Headquarters": false,
            "BuzzScore": 57
        },
        "CATEGORY": {
            "primary_category_name": "Advertising",
            "secondary_category_name": "Advertising"
        },
        "FIRMOGRAPHICS": {
            "locations_count": 2,
            "annual_revenue": "$1K - $0.5M",
            "monthly_technology_spend": "0",
            "revenue_seasonality": "Fall, Winter",
            "remote_only_business": false
        },
        "E-Commerce": {
            "reviews": true,
            "featured_products": true,
            "promotions": false,
            "coupons": false,
            "wish_list": false,
            "order_tracking": false,
            "get_a_quote": false,
            "scheduler": true,
            "mortgage_calculator": false,
            "finance": false,
            "inventory_search_form": false,
            "estimates_page": false,
            "menu": false,
            "facebook_shop_presence": false,
            "amazon_page_presence": false,
            "reservation_and_booking": false,
            "online_ordering": false,
            "buying_page": false,
            "selling_page": false,
            "rentals_page": false
        },
        "Multi-Screen Compatibility": {
            "Mobile-Friendly": true,
            "Responsive Design": true,
            "Page Speed Score (Mobile)": 56
        },
        "Advertising": {
            "Google Ads": false,
            "Display Ads": true,
            "Facebook Ads": false
        },
        "Social Media Presence": {
            "facebook_business_page- presence": true,
            "facebook_business_page- fb_followers": "72",
            "facebook_business_page- page_url": "https://facebook.com/pg/112002538824916",
            "youtube_business_channel- presence": true,
            "youtube_business_channel- yt_videos_counts": "4",
            "youtube_business_channel- yt_subscribers_counts": "13",
            "youtube_business_channel- yt_views_counts": 504,
            "youtube_business_channel- page_url": "https://www.youtube.com/channel/UC8Vc3dTZxU9Ai9anY1ymKRQ",
            "linkedin_company_profile- presence": true,
            "linkedin_company_profile- page_url": "https://www.linkedin.com/company/2020-econsulting-llc/",
            "pinterest- presence": false,
            "instagram- presence": true,
            "instagram- insta_posts": "3",
            "instagram- insta_followers": "23",
            "instagram- insta_following": "13",
            "instagram- page_url": "https://www.instagram.com/2020econsulting",
            "fb_fans- Facebook Likes": "202,071",
            "pinterest_domain_verified- Pinterest Domain Verified": false,
            "pinterest_is_verified_merchant- Pinterest Verified Merchant": false
        },
        "Local Business Presence": {
            "google_places-Listed": true,
            "google_places-Claimed": false,
            "google_places-NAP": false,
            "google_places-local_directory_googleplaces_reviews": false,
            "google_places-local_directory_googleplaces_ratings": false,
            "yelp-Listed": false,
            "yelp-Claimed": false,
            "yelp-local_directory_yelp_reviews": false,
            "yelp-local_directory_yelp_ratings": false,
            "yellow_pages-Listed": false,
            "yellow_pages-Claimed": false,
            "nokia_places-Listed": false,
            "nokia_places-Claimed": false,
            "nextdoor-Listed": false,
            "nextdoor-Claimed": false,
            "google_places_claimed-Claimed": false,
            "yelp_claimed-Claimed": false,
            "yellow_pages_climed-Claimed": false,
            "nokia_places_climed-Claimed": false
        },
        "Marketplace": {
            "Thumbtack": false,
            "Uber Eats": false,
            "OpenTable": false,
            "iOS App": false,
            "Android App": false
        },
        "Content Analysis": {
            "Local Phone Number": false,
            "Address on Homepage": false,
            "Map & Directions": false,
            "Contact Us": false,
            "Privacy Policy": false,
            "About Page": false,
            "Business Hours": false,
            "FAQ": false,
            "Newsletter": false
        },
        "Infrastructure Robustness": {
            "PageSpeed Score (Desktop)": "85",
            "Caching Enabled": 2,
            "Image Size Optimization": 2,
            "Text Compression": false,
            "Server Response Time": "0.333 s",
            "No Page Redirects": true,
            "Prioritize Visible Content": 2,
            "Wordpress": false,
            "Google Analytics": true,
            "SSL": true
        },
        "Google Reviews": {
            "Negative": false,
            "Neutral": false,
            "Positive": false
        },
        "HR & Organization": {
            "Employee Count": "1 - 10",
            "Employee Reviews": false,
            "Employee Ratings": false,
            "Open Positions": false
        },
        "SEO Analysis": {
            "Domain Redirection": true,
            "Robots.txt": true,
            "Sitemap.xml": true,
            "Title Tag Compliance": true,
            "Location In Title": false,
            "Unique Title": false,
            "Meta Description Compliance": false,
            "Headings Included": true,
            "Image Alt Text": true,
            "Frames Excluded": true,
            "Flash Excluded": true,
            "Backlinks": "7,385",
            "Domain Authority": false,
            "Domain Age": "15 Y, 9 M",
            "Rich Snippets": false,
            "SEF URL": true,
            "Sitemap.html": true,
            "Trust Flow Score": "7"
        }
    },
    {
        "BUSINESS INFO": {
            "Business Name": "Intero Digital",
            "Website Formatted": "http://interodigital.com",
            "Website": "http://interodigital.com",
            "Phone": "7197256400",
            "street_address": "5475 Mark Dabling Blvd #210",
            "city": "Colorado Springs",
            "zip": "80918",
            "state": "CO",
            "country": "United States",
            "Headquarters": false,
            "BuzzScore": 66
        },
        "CATEGORY": {
            "primary_category_name": "Advertising",
            "secondary_category_name": "Advertising Agencies"
        },
        "FIRMOGRAPHICS": {
            "locations_count":0,
            "annual_revenue": "$50M - $100M",
            "monthly_technology_spend": "63930",
            "revenue_seasonality": "Fall, Winter",
            "remote_only_business": false
        },
        "E-Commerce": {
            "reviews": true,
            "featured_products": false,
            "promotions": false,
            "coupons": false,
            "wish_list": false,
            "order_tracking": false,
            "get_a_quote": true,
            "scheduler": false,
            "mortgage_calculator": false,
            "finance": false,
            "inventory_search_form": false,
            "estimates_page": false,
            "menu": false,
            "facebook_shop_presence": false,
            "amazon_page_presence": false,
            "reservation_and_booking": false,
            "online_ordering": false,
            "buying_page": false,
            "selling_page": false,
            "rentals_page": false
        },
        "Multi-Screen Compatibility": {
            "Mobile-Friendly": true,
            "Responsive Design": true,
            "Page Speed Score (Mobile)": 28
        },
        "Advertising": {
            "Google Ads": true,
            "Display Ads": false,
            "Facebook Ads": 7,
            "Instagram Ads": "2"
        },
        "Social Media Presence": {
            "facebook_business_page- presence": true,
            "facebook_business_page- fb_followers": "570",
            "facebook_business_page- page_url": "https://facebook.com/pg/103590825110443",
            "youtube_business_channel- presence": true,
            "youtube_business_channel- yt_videos_counts": "28",
            "youtube_business_channel- yt_subscribers_counts": "130",
            "youtube_business_channel- yt_views_counts": "57.7K",
            "youtube_business_channel- page_url": "https://www.youtube.com/@interodigital",
            "linkedin_company_profile- presence": true,
            "linkedin_company_profile- page_url": "https://www.linkedin.com/company/interodigital",
            "pinterest- presence": true,
            "pinterest- pinterest_followers": false,
            "pinterest- pinterest_following": false,
            "pinterest- pinterest_pins": false,
            "pinterest- pinterest_boards": false,
            "pinterest- page_url": "https://www.pinterest.com/interodigital1",
            "instagram- presence": true,
            "instagram- insta_posts": "164",
            "instagram- insta_followers": "796",
            "instagram- insta_following": "46",
            "instagram- page_url": "https://www.instagram.com/intero_digital",
            "fb_fans- Facebook Likes": "557",
            "pinterest_profile_image_url- Pinterest Profile Image (Link)": false,
            "pinterest_domain_verified- Pinterest Domain Verified": false,
            "pinterest_is_verified_merchant- Pinterest Verified Merchant": false
        },
        "Local Business Presence": {
            "google_places-Listed": true,
            "google_places-Claimed": true,
            "google_places-NAP": false,
            "google_places-local_directory_googleplaces_reviews": "235",
            "google_places-local_directory_googleplaces_ratings": "4.8",
            "yelp-Listed": false,
            "yelp-Claimed": false,
            "yelp-local_directory_yelp_reviews": false,
            "yelp-local_directory_yelp_ratings": false,
            "nokia_places-Listed": false,
            "nokia_places-Claimed": false,
            "nextdoor-Listed": false,
            "nextdoor-Claimed": false,
            "google_places_claimed-Claimed": true,
            "yelp_claimed-Claimed": false,
            "nokia_places_climed-Claimed": false
        },
        "Marketplace": {
            "Thumbtack": false,
            "Uber Eats": false,
            "OpenTable": false,
            "iOS App": false,
            "Android App": false
        },
        "Content Analysis": {
            "Local Phone Number": false,
            "Address on Homepage": false,
            "Map & Directions": false,
            "Contact Us": false,
            "Privacy Policy": false,
            "About Page": false,
            "Services Page": false,
            "Newsletter": false
        },
        "Infrastructure Robustness": {
            "PageSpeed Score (Desktop)": "50",
            "Caching Enabled": 2,
            "Image Size Optimization": false,
            "Text Compression": false,
            "Server Response Time": "0.044 s",
            "No Page Redirects": true,
            "Prioritize Visible Content": 2,
            "Wordpress": true,
            "Google Analytics": true,
            "SSL": true
        },
        "Google Reviews": {
            "Negative": "67%",
            "Neutral": false,
            "Positive": "33%"
        },
        "HR & Organization": {
            "Employee Count": "201 - 500",
            "Employee Reviews": false,
            "Employee Ratings": false,
            "Open Positions": false
        },
        "SEO Analysis": {
            "Domain Redirection": true,
            "Robots.txt": true,
            "Sitemap.xml": true,
            "Title Tag Compliance": true,
            "Location In Title": false,
            "Unique Title": true,
            "Meta Description Compliance": true,
            "Headings Included": true,
            "Image Alt Text": false,
            "Frames Excluded": true,
            "Flash Excluded": true,
            "Backlinks": "40,873",
            "Domain Authority": false,
            "Domain Age": "3 Y, 7 M",
            "Rich Snippets": false,
            "SEF URL": false,
            "Sitemap.html": true,
            "Trust Flow Score": "36"
        }
    },
    {
        "BUSINESS INFO": {
            "Business Name": "Jackrabbit",
            "Website Formatted": "http://jackrabbitmobile.com",
            "Website": "http://jackrabbitmobile.com",
            "Phone": "5122538083",
            "Default Email": "hello@jackrabbitmobile.com",
            "Email List": [
                "hello@jackrabbitmobile.com"
            ],
            "street_address": "4301 W William Cannon Dr Ste B-150",
            "city": "Austin",
            "zip": "78749",
            "state": "TX",
            "country": "United States",
            "Headquarters": true,
            "BuzzScore": 78
        },
        "CATEGORY": {
            "primary_category_name": "Contractors - Computer",
            "secondary_category_name": "Contractors - Computer"
        },
        "FIRMOGRAPHICS": {
            "locations_count": 2,
            "annual_revenue": "$10M - $25M",
            "monthly_technology_spend": "474",
            "revenue_seasonality": "Fall, Winter",
            "remote_only_business": false
        },
        "E-Commerce": {
            "reviews": true,
            "featured_products": false,
            "promotions": false,
            "coupons": false,
            "wish_list": false,
            "order_tracking": false,
            "get_a_quote": true,
            "scheduler": true,
            "mortgage_calculator": false,
            "finance": false,
            "inventory_search_form": false,
            "estimates_page": false,
            "menu": false,
            "facebook_shop_presence": false,
            "amazon_page_presence": false,
            "reservation_and_booking": true,
            "online_ordering": false,
            "buying_page": false,
            "selling_page": false,
            "rentals_page": false
        },
        "Multi-Screen Compatibility": {
            "Mobile-Friendly": true,
            "Responsive Design": true,
            "Page Speed Score (Mobile)": 37
        },
        "Advertising": {
            "Google Ads": true,
            "Display Ads": false,
            "Facebook Ads": false,
            "Yelp Ads": false
        },
        "Social Media Presence": {
            "facebook_business_page- presence": true,
            "facebook_business_page- fb_followers": "2,000",
            "facebook_business_page- page_url": "https://facebook.com/pg/254698787970329",
            "youtube_business_channel- presence": true,
            "youtube_business_channel- yt_videos_counts": "31",
            "youtube_business_channel- yt_subscribers_counts": "26",
            "youtube_business_channel- yt_views_counts": "18.9K",
            "youtube_business_channel- page_url": "https://www.youtube.com/channel/UC9vzYp97QlpOfPhPef4EP3w",
            "linkedin_company_profile- presence": true,
            "linkedin_company_profile- page_url": "https://www.linkedin.com/company/jackrabbit-mobile",
            "pinterest- presence": false,
            "instagram- presence": true,
            "instagram- insta_posts": "25",
            "instagram- insta_followers": "78",
            "instagram- insta_following": "22",
            "instagram- page_url": "https://www.instagram.com/jackrabbitmobile",
            "fb_fans- Facebook Likes": "2,086",
            "fbcheckins- Facebook Check ins": "103",
            "pinterest_domain_verified- Pinterest Domain Verified": false,
            "pinterest_is_verified_merchant- Pinterest Verified Merchant": false
        },
        "Local Business Presence": {
            "google_places-Listed": true,
            "google_places-Claimed": true,
            "google_places-NAP": false,
            "google_places-local_directory_googleplaces_reviews": "149",
            "google_places-local_directory_googleplaces_ratings": "4.7",
            "yelp-Listed": true,
            "yelp-Claimed": true,
            "yelp-NAP": false,
            "yelp-local_directory_yelp_reviews": false,
            "yelp-local_directory_yelp_ratings": "4.1",
            "yellow_pages-Listed": true,
            "yellow_pages-Claimed": false,
            "yellow_pages-NAP": false,
            "nokia_places-Listed": false,
            "nokia_places-Claimed": false,
            "nextdoor-Listed": false,
            "nextdoor-Claimed": false,
            "google_places_claimed-Claimed": true,
            "yelp_claimed-Claimed": true,
            "yellow_pages_climed-Claimed": false,
            "nokia_places_climed-Claimed": false
        },
        "Marketplace": {
            "Thumbtack": false,
            "Uber Eats": false,
            "OpenTable": false,
            "iOS App": false,
            "Android App": false
        },
        "Content Analysis": {
            "Local Phone Number": false,
            "Address on Homepage": false,
            "Map & Directions": false,
            "Contact Us": false,
            "Privacy Policy": false,
            "About Page": false,
            "Services Page": false,
            "Newsletter": false
        },
        "Infrastructure Robustness": {
            "PageSpeed Score (Desktop)": "74",
            "Caching Enabled": 2,
            "Image Size Optimization": 2,
            "Text Compression": false,
            "Server Response Time": "0.061 s",
            "No Page Redirects": true,
            "Prioritize Visible Content": 2,
            "Wordpress": true,
            "Google Analytics": true,
            "SSL": true
        },
        "Google Reviews": {
            "Negative": false,
            "Neutral": false,
            "Positive": "100%"
        },
        "HR & Organization": {
            "Employee Count": "51 - 100",
            "Employee Reviews": false,
            "Employee Ratings": false,
            "Open Positions": false
        },
        "SEO Analysis": {
            "Domain Redirection": true,
            "Robots.txt": true,
            "Sitemap.xml": true,
            "Title Tag Compliance": true,
            "Location In Title": true,
            "Unique Title": true,
            "Meta Description Compliance": true,
            "Headings Included": true,
            "Image Alt Text": true,
            "Frames Excluded": true,
            "Flash Excluded": true,
            "Backlinks": true,
            "Domain Authority": false,
            "Domain Age": "12 Y, 4 M",
            "Rich Snippets": false,
            "SEF URL": true,
            "Sitemap.html": false,
            "Trust Flow Score": "7"
        }
    }
]